City,State,Median Age,Male Population,Female Population,Total Population,Number of Veterans,Foreign-born,Average Household Size,State Code,American Indian and Alaska Native,Asian,Black or African-American,Hispanic or Latino,White
Silver Spring,Maryland,33.8,40601.0,41862.0,82463,1562.0,30908.0,2.6,MD,1084,8841,21330,25924,37756
Quincy,Massachusetts,41.0,44129.0,49500.0,93629,4147.0,32935.0,2.39,MA,351,30473,3917,2566,58723
Hoover,Alabama,38.5,38040.0,46799.0,84839,4819.0,8229.0,2.58,AL,0,4759,18191,3430,61869
Rancho Cucamonga,California,34.5,88127.0,87105.0,175232,5821.0,33878.0,3.18,CA,2789,24519,24437,65823,111832
Newark,New Jersey,34.6,138040.0,143873.0,281913,5829.0,86253.0,2.73,NJ,2268,7349,144961,100432,76402
Peoria,Illinois,33.1,56229.0,62432.0,118661,6634.0,7517.0,2.4,IL,1343,6989,36333,6874,77074
Avondale,Arizona,29.1,38712.0,41971.0,80683,4815.0,8355.0,3.18,AZ,613,2828,11592,34716,62176
West Covina,California,39.8,51629.0,56860.0,108489,3800.0,37038.0,3.56,CA,518,32716,3693,58907,48046
O'Fallon,Missouri,36.0,41762.0,43270.0,85032,5783.0,3269.0,2.77,MO,685,3447,5136,2583,77049
High Point,North Carolina,35.5,51751.0,58077.0,109828,5204.0,16315.0,2.65,NC,1181,11060,39369,11446,58004
Folsom,California,40.9,41051.0,35317.0,76368,4187.0,13234.0,2.62,CA,998,15569,3985,5822,57435
Philadelphia,Pennsylvania,34.1,741270.0,826172.0,1567442,61995.0,205339.0,2.61,PA,17500,122721,691186,219038,688130
Wichita,Kansas,34.6,192354.0,197601.0,389955,23978.0,40270.0,2.56,KS,8791,25210,52592,65162,305910
Fort Myers,Florida,37.3,36850.0,37165.0,74015,4312.0,15365.0,2.45,FL,0,3519,17298,17866,50169
Pittsburgh,Pennsylvania,32.9,149690.0,154695.0,304385,17728.0,28187.0,2.13,PA,2689,21227,82248,9266,208863
Laredo,Texas,28.8,124305.0,131484.0,255789,4921.0,68427.0,3.66,TX,1253,1963,832,243190,246442
Berkeley,California,32.5,60142.0,60829.0,120971,3736.0,25000.0,2.35,CA,1868,27089,11255,15429,82949
Santa Clara,California,35.2,63278.0,62938.0,126216,4426.0,52281.0,2.75,CA,1354,58360,4580,22402,55847
Allen,Pennsylvania,33.5,60626.0,59581.0,120207,5691.0,19652.0,2.67,PA,1076,2670,22304,59176,74187
Hampton,Virginia,35.5,66214.0,70240.0,136454,19638.0,6204.0,2.48,VA,2534,4561,70303,7513,61753
Bolingbrook,Illinois,33.7,36295.0,35801.0,72096,2951.0,15212.0,3.42,IL,323,9788,12671,16904,40458
Frederick,Maryland,36.1,33146.0,36336.0,69482,3870.0,14211.0,2.48,MD,1333,5711,13372,13065,49181
Sparks,Nevada,36.1,47780.0,48318.0,96098,7315.0,15690.0,2.63,NV,2019,7915,4226,29159,78737
Rancho Cordova,California,33.8,34844.0,36182.0,71026,4590.0,17020.0,2.86,CA,1940,12653,9307,13970,47757
Westminster,Colorado,37.8,54866.0,58251.0,113117,6512.0,11361.0,2.63,CO,1444,8668,3228,23355,100084
Lakewood,Colorado,37.7,76013.0,76576.0,152589,9988.0,14169.0,2.29,CO,2597,7340,2679,33630,139669
Flint,Michigan,35.3,48984.0,49313.0,98297,3757.0,2138.0,2.38,MI,1508,657,55137,2525,44786
New Haven,Connecticut,29.9,63765.0,66545.0,130310,2567.0,25871.0,2.48,CT,2205,7966,43356,43563,56251
Brooklyn Park,Minnesota,35.1,37845.0,41305.0,79150,3506.0,17490.0,2.85,MN,1173,14443,22550,4138,41760
Chula Vista,California,34.6,131485.0,134269.0,265754,12368.0,82710.0,3.32,CA,1652,48506,15641,156522,183753
Danbury,Connecticut,37.3,43435.0,41227.0,84662,3752.0,25675.0,2.74,CT,1086,7350,8454,25145,55917
Framingham,Massachusetts,40.3,35442.0,35768.0,71210,2625.0,19070.0,2.49,MA,849,5993,6944,13000,52205
Saint Petersburg,Florida,41.8,123524.0,133564.0,257088,20247.0,28567.0,2.42,FL,2716,10893,67798,20483,179121
Miami Gardens,Florida,34.9,50719.0,62480.0,113199,2327.0,33394.0,3.75,FL,0,0,85300,23287,27273
Salt Lake City,Utah,32.1,98364.0,94296.0,192660,6829.0,32166.0,2.38,UT,3488,13153,5365,40559,150136
Suffolk,Virginia,38.2,43048.0,45113.0,88161,10114.0,2829.0,2.72,VA,504,2248,39107,3539,46458
North Little Rock,Arkansas,33.6,31671.0,34835.0,66506,4130.0,2787.0,2.62,AR,713,0,30766,4860,34118
Jurupa Valley,California,33.8,49430.0,50884.0,100314,3833.0,25338.0,3.87,CA,1554,4992,3091,66525,58201
Los Angeles,California,35.0,1958998.0,2012898.0,3971896,85417.0,1485425.0,2.86,CA,63758,512999,404868,1936732,2177650
Flower Mound,Texas,40.2,35200.0,35824.0,71024,4217.0,6860.0,3.01,TX,1095,6577,3559,6149,61433
Vacaville,California,35.8,50091.0,46703.0,96794,9064.0,10577.0,2.9,CA,3140,9273,18023,23395,66825
Clarksville,Tennessee,29.7,75029.0,74161.0,149190,20803.0,8211.0,2.64,TN,2338,6348,39445,16004,104626
New Britain,Connecticut,33.4,37350.0,35459.0,72809,2219.0,15080.0,2.52,CT,0,2297,9873,30188,56431
Tulsa,Oklahoma,35.0,197437.0,205654.0,403091,24672.0,43751.0,2.37,OK,42129,16318,72643,61217,279127
Seattle,Washington,35.5,345659.0,338784.0,684443,29364.0,119840.0,2.13,WA,12804,121507,61974,43060,511401
Mesa,Arizona,36.9,234998.0,236835.0,471833,31808.0,57492.0,2.68,AZ,16044,14608,22699,131425,413010
Yonkers,New York,38.0,96580.0,104538.0,201118,4801.0,61247.0,2.8,NY,1112,13981,38731,73608,129492
Camden,New Jersey,27.9,36437.0,39694.0,76131,1425.0,11317.0,3.0,NJ,0,1686,35237,41473,19907
Alexandria,Virginia,36.6,74989.0,78522.0,153511,10635.0,44030.0,2.2,VA,1133,13315,37168,25573,106215
Jonesboro,Arkansas,32.6,35666.0,38240.0,73906,3682.0,3222.0,2.44,AR,2109,1282,14599,4614,56626
El Monte,California,37.3,57961.0,58784.0,116745,1686.0,59655.0,3.67,CA,718,33384,307,77523,64138
Roswell,Georgia,38.8,48637.0,45859.0,94496,3325.0,16501.0,2.7,GA,585,7240,15458,16920,69857
Omaha,Nebraska,34.2,218789.0,225098.0,443887,24503.0,48263.0,2.47,NE,6318,19105,64223,63516,353417
Troy,Michigan,43.3,42371.0,40905.0,83276,2975.0,21004.0,2.59,MI,1677,22721,5294,2400,56175
Winston-Salem,North Carolina,34.7,112520.0,128712.0,241232,14521.0,24302.0,2.47,NC,1415,6484,87480,38321,139301
Corpus Christi,Texas,35.0,160488.0,163594.0,324082,25078.0,30834.0,2.69,TX,2972,9051,14978,200737,292663
Atlanta,Georgia,33.8,223960.0,239915.0,463875,18572.0,32016.0,2.15,GA,4606,24268,245367,18653,196316
Bryan,Texas,29.4,41761.0,40345.0,82106,3602.0,12014.0,2.55,TX,3557,2688,11914,29647,59742
Lynchburg,Virginia,28.7,38614.0,41198.0,79812,4322.0,4364.0,2.48,VA,1024,2910,23271,2689,53727
Columbia,Maryland,37.9,52202.0,51265.0,103467,6526.0,23249.0,2.68,MD,488,17821,30075,8033,58343
Killeen,Texas,29.2,69442.0,71367.0,140809,24281.0,15769.0,2.72,TX,2362,8183,54601,32600,75823
Nashville,Tennessee,34.1,314231.0,340365.0,654596,27942.0,88193.0,2.39,TN,5474,27355,188844,67526,432447
Somerville,Massachusetts,31.0,41028.0,39306.0,80334,2103.0,22292.0,2.43,MA,374,9498,7140,8790,62927
Bakersfield,California,30.6,182154.0,191473.0,373627,12284.0,71575.0,3.23,CA,7357,31929,34240,180241,272853
Montgomery,Alabama,35.4,94582.0,106004.0,200586,14955.0,9337.0,2.41,AL,1277,6518,121360,6648,73545
Huntsville,Alabama,38.1,91764.0,97350.0,189114,16637.0,12691.0,2.18,AL,1755,6566,61561,10887,121904
Greensboro,North Carolina,35.5,132251.0,153093.0,285344,14011.0,26667.0,2.36,NC,3688,12683,124108,22147,144930
Turlock,California,36.2,33190.0,39103.0,72293,3397.0,14686.0,2.76,CA,1187,5232,2307,23559,59308
Lynwood,California,29.4,35634.0,36371.0,72005,776.0,28061.0,4.43,CA,0,994,5346,63377,48670
El Paso,Texas,33.1,332797.0,348339.0,681136,47693.0,159709.0,3.03,TX,7359,12370,34473,542017,587683
Lexington-Fayette  county,Kentucky,34.4,154032.0,160456.0,314488,16661.0,28613.0,2.34,KY,3187,14066,51493,21766,249339
Rock Hill,South Carolina,34.5,33324.0,38243.0,71567,4755.0,2413.0,2.29,SC,610,1073,28204,2845,41652
Richardson,Texas,35.5,54676.0,56151.0,110827,4797.0,29579.0,2.83,TX,1439,20724,13256,15762,76116
Waco,Texas,29.3,63452.0,68890.0,132342,10716.0,14235.0,2.57,TX,794,4230,29883,40585,96958
San Buenaventura,California,37.7,53932.0,55785.0,109717,5980.0,18025.0,2.68,CA,2808,6547,1300,38463,95139
Stamford,Connecticut,35.4,64941.0,63936.0,128877,2269.0,44003.0,2.7,CT,1416,11013,24329,33197,85620
Vallejo,California,37.8,58379.0,62890.0,121269,8103.0,30592.0,2.83,CA,1671,34753,26778,28977,56169
Denver,Colorado,34.1,341137.0,341408.0,682545,29363.0,113222.0,2.33,CO,14008,32491,72288,207847,546370
Springdale,Arkansas,31.8,36840.0,43614.0,80454,3397.0,19969.0,3.04,AR,547,1422,1859,30200,56843
Chino,California,36.5,50989.0,34610.0,85599,4186.0,18666.0,3.62,CA,4790,12948,6815,45495,44543
Toms River,New Jersey,43.7,43864.0,43886.0,87750,5042.0,6852.0,2.71,NJ,251,4691,3703,10267,79538
Lynn,Massachusetts,34.8,44598.0,47861.0,92459,3093.0,29899.0,2.81,MA,1176,9205,18240,33250,50652
Lawton,Oklahoma,31.1,51099.0,45560.0,96659,11572.0,6123.0,2.72,OK,10027,5173,25767,13780,63948
Garland,Texas,34.5,116406.0,120430.0,236836,10407.0,62975.0,3.12,TX,3083,27217,40507,90989,154484
Layton,Utah,29.5,37748.0,36394.0,74142,3811.0,4268.0,3.24,UT,1674,2889,2710,10123,65333
Bloomington,Illinois,35.1,37972.0,40323.0,78295,3888.0,7287.0,2.34,IL,182,6549,11240,3461,60652
Newton,Massachusetts,42.3,41985.0,46824.0,88809,1814.0,21692.0,2.71,MA,244,15666,2925,4790,69380
Clearwater,Florida,47.0,55225.0,57754.0,112979,10631.0,17686.0,2.4,FL,867,2434,12369,17211,97195
Kenner,Louisiana,36.9,33993.0,33113.0,67106,2485.0,12352.0,2.57,LA,158,2729,17172,17769,44863
Las Cruces,New Mexico,32.7,47835.0,53809.0,101644,9421.0,11888.0,2.58,NM,2368,3266,3825,60614,91201
Yakima,Washington,34.0,45147.0,48553.0,93700,4705.0,15717.0,2.74,WA,2042,2248,924,44172,79286
Des Moines,Iowa,34.5,103726.0,106591.0,210317,11780.0,23857.0,2.41,IA,3964,15205,26353,25306,168057
Wichita Falls,Texas,34.0,55775.0,48934.0,104709,7800.0,9855.0,2.41,TX,1503,3688,14529,23061,82860
Wilmington,North Carolina,35.5,52346.0,63601.0,115947,5908.0,7401.0,2.24,NC,742,3152,23578,6811,89270
Cranston,Rhode Island,39.9,38365.0,42712.0,81077,4702.0,10631.0,2.56,RI,839,5978,8193,10418,64806
Amarillo,Texas,33.8,99391.0,100260.0,199651,11008.0,21124.0,2.64,TX,4260,8563,14050,65392,174214
Buffalo,New York,33.1,124537.0,133529.0,258066,11231.0,24630.0,2.27,NY,4406,14518,101254,29656,130078
Livonia,Michigan,47.4,45369.0,49264.0,94633,5397.0,7175.0,2.52,MI,445,2719,4633,1772,87383
San Leandro,California,41.8,43032.0,47679.0,90711,4111.0,34293.0,2.79,CA,1540,34019,11100,26894,40182
Fresno,California,30.0,256130.0,263942.0,520072,18410.0,103453.0,3.12,CA,11380,75318,46072,256145,325651
Saint George,Utah,37.3,38732.0,41475.0,80207,4443.0,4824.0,2.81,UT,2406,1649,1376,10829,71915
San Juan,Puerto Rico,41.4,155408.0,186829.0,342237,,,,PR,4031,2452,0,335559,0
Redlands,California,36.2,33993.0,37035.0,71028,3445.0,8681.0,2.82,CA,811,6255,6973,19698,55241
Thousand Oaks,California,44.8,65113.0,64216.0,129329,6323.0,25330.0,2.79,CA,2690,16134,3229,26754,108375
Rio Rancho,New Mexico,38.3,47251.0,46904.0,94155,8527.0,5200.0,2.86,NM,4857,2374,3970,38674,73022
Provo,Utah,23.6,56231.0,59027.0,115258,2177.0,10925.0,3.28,UT,1916,4104,1062,16668,108471
Tallahassee,Florida,26.2,89390.0,100504.0,189894,9575.0,16720.0,2.38,FL,1368,10035,69135,13538,112800
Aurora,Illinois,31.7,101964.0,101751.0,203715,4988.0,50980.0,3.3,IL,1179,17190,23736,86653,115903
Minneapolis,Minnesota,32.4,206547.0,204388.0,410935,15217.0,70769.0,2.26,MN,9238,33854,89996,39981,277862
Anaheim,California,33.6,179603.0,171135.0,350738,9796.0,137133.0,3.45,CA,2489,53270,9775,201593,259820
San Marcos,California,35.4,45246.0,47688.0,92934,5189.0,21558.0,3.13,CA,821,11519,4447,35164,72061
Norwalk,California,35.0,53125.0,54020.0,107145,3027.0,39396.0,3.88,CA,1165,16189,5195,76020,46998
Fort Worth,Texas,32.6,414126.0,422843.0,836969,39182.0,143404.0,2.88,TX,7504,42053,167449,296133,575180
Cambridge,Massachusetts,31.5,55421.0,54981.0,110402,2495.0,27757.0,2.06,MA,906,18441,11880,9433,80551
Deerfield Beach,Florida,41.4,37155.0,42614.0,79769,3882.0,23642.0,2.46,FL,698,1428,25344,12729,53037
Beaumont,Texas,31.6,57326.0,60784.0,118110,7584.0,10516.0,2.47,TX,908,4079,58008,18815,53597
Spring Valley,Nevada,37.0,96808.0,97147.0,193955,10644.0,61072.0,2.79,NV,2215,45059,29031,40374,111763
Sioux City,Iowa,34.3,38827.0,43949.0,82776,4093.0,7471.0,2.57,IA,1956,3400,3994,15602,70513
Alafaya,Florida,33.5,39504.0,45760.0,85264,4176.0,15842.0,2.94,FL,0,10336,6577,34897,63666
Washington,District of Columbia,33.8,319705.0,352523.0,672228,25963.0,95117.0,2.24,DC,6130,35072,328786,71129,285402
Grand Prairie,Texas,33.1,90811.0,96944.0,187755,7073.0,44888.0,3.18,TX,1754,11446,54934,85543,113981
Waukesha,Wisconsin,35.8,36263.0,35713.0,71976,3116.0,4982.0,2.35,WI,481,2904,1923,9713,66757
Miami Beach,Florida,42.5,48090.0,44221.0,92311,2265.0,49908.0,2.1,FL,0,2772,4013,47446,72180
North Las Vegas,Nevada,32.2,116350.0,118443.0,234793,17256.0,49815.0,3.31,NV,4739,20273,54093,94804,137357
Fort Smith,Arkansas,34.9,43346.0,44849.0,88195,3408.0,13177.0,2.44,AR,2993,6228,9851,17104,66004
Salinas,California,30.4,77765.0,79621.0,157386,4020.0,58693.0,3.72,CA,2855,11227,3391,121196,95283
Springfield,Illinois,38.8,55639.0,62170.0,117809,7525.0,4264.0,2.22,IL,1602,3871,25327,2738,90935
Bellingham,Washington,30.7,41286.0,43857.0,85143,4703.0,8713.0,2.44,WA,2056,8010,2325,6966,74183
Green Bay,Wisconsin,32.9,52517.0,52704.0,105221,5519.0,9813.0,2.37,WI,6547,5652,7561,16786,82033
Maple Grove,Minnesota,38.6,31780.0,36601.0,68381,2943.0,7645.0,2.64,MN,549,6088,2951,1685,59683
Escondido,California,33.3,76551.0,74907.0,151458,8110.0,46298.0,3.27,CA,3151,14398,5631,73793,120781
Rockford,Illinois,36.3,71076.0,78270.0,149346,8894.0,18323.0,2.52,IL,2301,5500,33122,28923,107148
Memphis,Tennessee,34.1,312237.0,343523.0,655760,31189.0,43318.0,2.55,TN,4127,15778,420983,46621,202961
Caguas,Puerto Rico,40.4,34743.0,42265.0,77008,,,,PR,624,0,0,76349,0
Metairie,Louisiana,41.6,69515.0,76943.0,146458,7187.0,19871.0,2.39,LA,438,4791,17263,19703,124270
Tracy,California,35.5,43156.0,43937.0,87093,3025.0,25410.0,3.42,CA,2120,16856,5241,32810,58041
Champaign,Illinois,28.7,43326.0,42760.0,86086,3734.0,12261.0,2.25,IL,0,11746,16163,4015,58099
West Palm Beach,Florida,39.6,49262.0,57520.0,106782,4917.0,30675.0,2.53,FL,406,3191,39226,26132,60648
Beaverton,Oregon,35.6,47325.0,49252.0,96577,4645.0,18933.0,2.46,OR,905,10538,3100,15452,80975
Ogden,Utah,31.3,44323.0,41127.0,85450,5080.0,12791.0,2.68,UT,1717,1911,2620,28275,74960
Decatur,Illinois,40.4,34646.0,38210.0,72856,5291.0,1224.0,2.23,IL,265,1343,17939,1709,56231
Pompano Beach,Florida,42.5,56569.0,51202.0,107771,5145.0,32733.0,2.55,FL,2138,1089,38653,23225,67360
Nashua,New Hampshire,38.3,42926.0,45049.0,87975,5532.0,12693.0,2.46,NH,655,9685,4147,10511,73977
Vancouver,Washington,37.2,82958.0,89895.0,172853,12391.0,21748.0,2.49,WA,4541,10882,7520,23184,149863
Fargo,North Dakota,30.7,60560.0,58690.0,119250,6154.0,9428.0,2.18,ND,3102,4646,6477,3567,107349
El Cajon,California,32.7,54450.0,49238.0,103688,7103.0,31865.0,3.14,CA,1891,4561,7534,31542,84703
Lancaster,California,30.9,80668.0,80445.0,161113,7892.0,17247.0,3.25,CA,2186,8654,36007,57423,110311
Wilmington,Delaware,36.4,32680.0,39277.0,71957,3063.0,3336.0,2.45,DE,414,1193,44182,5516,23743
Miramar,Florida,36.6,66157.0,70958.0,137115,3077.0,57179.0,3.41,FL,0,12084,65840,46767,58914
Riverview,Florida,32.2,44210.0,45536.0,89746,6943.0,12240.0,3.22,FL,726,3582,15159,23317,60793
Arlington Heights,Illinois,45.9,37627.0,39369.0,76996,3027.0,14630.0,2.38,IL,0,9975,1222,2742,66285
Lorain,Ohio,35.6,30844.0,32807.0,63651,4905.0,1531.0,2.52,OH,904,308,16388,19342,46667
Mesquite,Texas,34.6,69240.0,75884.0,145124,6438.0,26755.0,2.96,TX,2564,4496,37339,56753,98597
Appleton,Wisconsin,35.6,37217.0,38038.0,75255,4219.0,4454.0,2.49,WI,835,5561,3407,5139,64674
Johns Creek,Georgia,39.0,40282.0,43057.0,83339,1983.0,29000.0,3.19,GA,826,24289,11273,5924,48414
Nampa,Idaho,31.4,45651.0,44199.0,89850,4736.0,6607.0,2.98,ID,2167,1486,1600,22066,80776
Sterling Heights,Michigan,39.6,64985.0,67077.0,132062,6970.0,34313.0,2.66,MI,0,12264,8054,2811,112743
Tacoma,Washington,37.7,100914.0,107036.0,207950,19040.0,31863.0,2.48,WA,5549,26909,30914,25764,149859
Manchester,New Hampshire,37.3,54845.0,55378.0,110223,5473.0,14506.0,2.4,NH,558,4304,6896,11962,100108
Overland Park,Kansas,38.2,93355.0,93156.0,186511,10461.0,21407.0,2.41,KS,1264,17123,10685,10104,161153
Cicero,Illinois,28.5,43153.0,40714.0,83867,629.0,33801.0,3.89,IL,964,1193,2865,76425,30824
Weston,Florida,38.6,32956.0,36991.0,69947,1507.0,30876.0,3.34,FL,128,4130,3697,36687,61021
Meridian,Idaho,38.0,43353.0,47400.0,90753,5640.0,8110.0,2.54,ID,492,2693,1809,6596,84625
Trenton,New Jersey,33.3,42581.0,41650.0,84231,2604.0,20428.0,3.04,NJ,98,1437,43471,30613,37683
Temecula,California,34.2,54407.0,57619.0,112026,7587.0,18884.0,3.34,CA,2236,14532,5698,36246,85130
Saint Charles,Missouri,34.9,32054.0,36747.0,68801,4371.0,5274.0,2.33,MO,681,3392,6842,4070,58662
Antioch,California,34.0,54733.0,55809.0,110542,5681.0,24942.0,3.31,CA,3462,14333,23227,35563,51151
Eugene,Oregon,33.4,79071.0,84377.0,163448,8896.0,14503.0,2.34,OR,5035,11073,5632,17356,146807
Edinburg,Texas,29.3,39422.0,45079.0,84501,2409.0,16569.0,3.31,TX,0,812,0,74698,77560
Huntington Beach,California,41.6,99967.0,101960.0,201927,10454.0,35368.0,2.67,CA,2843,29095,4027,42303,156071
Torrance,California,41.2,73209.0,75259.0,148468,8459.0,43096.0,2.7,CA,3638,54317,5906,25699,80498
South Bend,Indiana,32.4,50483.0,53274.0,103757,3708.0,8779.0,2.72,IN,411,1788,30005,16462,71391
Bethlehem,Pennsylvania,35.1,35861.0,38506.0,74367,4704.0,6295.0,2.46,PA,0,3759,7821,23409,64526
Lakewood,California,39.9,41523.0,40069.0,81592,4094.0,18274.0,3.13,CA,398,18999,6123,24987,43766
Birmingham,Alabama,35.6,102122.0,112789.0,214911,13212.0,8258.0,2.21,AL,1319,1500,157985,8940,51728
Hawthorne,California,33.7,43682.0,44762.0,88444,2123.0,32107.0,2.97,CA,906,7601,21566,50115,23665
Boca Raton,Florida,47.3,44760.0,48466.0,93226,4367.0,21117.0,2.22,FL,556,2494,4527,14735,80781
Vista,California,29.3,50680.0,50204.0,100884,4957.0,23271.0,3.52,CA,0,7189,5164,49524,83529
Brockton,Massachusetts,35.2,46273.0,49041.0,95314,3036.0,27313.0,2.88,MA,881,2528,43646,10890,40110
New Rochelle,New York,40.6,38871.0,40967.0,79838,2780.0,26960.0,2.85,NY,645,4218,17723,23548,44435
Dearborn,Michigan,33.5,46482.0,48698.0,95180,3163.0,23920.0,3.04,MI,713,4134,3699,3533,88742
Charleston,South Carolina,35.0,63956.0,71568.0,135524,9368.0,5767.0,2.4,SC,633,2773,29998,3929,104016
Elizabeth,New Jersey,34.2,65896.0,63116.0,129012,1131.0,63413.0,3.18,NJ,797,3369,29822,86456,70873
Syracuse,New York,30.3,69462.0,74690.0,144152,5845.0,17733.0,2.39,NY,3606,9386,46026,13368,88679
Redding,California,38.8,42530.0,49049.0,91579,6926.0,5181.0,2.42,CA,4352,5271,2112,9143,81244
Scottsdale,Arizona,46.9,115712.0,121132.0,236844,16798.0,27207.0,2.17,AZ,7003,11555,5279,24766,205512
Glendale,Arizona,34.4,116795.0,123319.0,240114,13241.0,44133.0,2.89,AZ,4064,15245,16254,83711,202539
Fishers,Indiana,34.5,42161.0,43910.0,86071,2469.0,6138.0,2.8,IN,0,7571,6873,3409,73361
Waldorf,Maryland,33.6,35640.0,39872.0,75512,6932.0,5954.0,2.69,MD,1918,4100,47334,4810,26788
Las Vegas,Nevada,37.5,310568.0,313201.0,623769,42397.0,127609.0,2.79,NV,8456,55745,84987,204913,429142
Victoria,Texas,35.8,32290.0,35291.0,67581,5000.0,4480.0,2.7,TX,0,2032,6058,34409,58798
Anchorage,Alaska,32.2,152945.0,145750.0,298695,27492.0,33258.0,2.77,AK,36339,36825,23107,27261,212696
San Diego,California,34.5,693826.0,701081.0,1394907,92489.0,373842.0,2.73,CA,16496,267222,111650,425414,949388
Dayton,Ohio,32.8,66631.0,73966.0,140597,8465.0,7381.0,2.26,OH,2010,1885,57280,4945,86016
Glendale,California,42.1,98181.0,102844.0,201025,4448.0,111510.0,2.69,CA,474,42070,4619,30807,146718
Auburn,Washington,37.1,36837.0,39743.0,76580,5401.0,14842.0,2.73,WA,3042,12341,4032,10836,58293
Peoria,Arizona,36.9,80139.0,91103.0,171242,13019.0,14260.0,2.97,AZ,3108,6631,8514,41129,151232
Charlotte,North Carolina,34.3,396646.0,430475.0,827121,36046.0,128897.0,2.52,NC,8746,55399,301568,113731,446795
Gulfport,Mississippi,35.1,33108.0,38764.0,71872,6646.0,3072.0,2.54,MS,0,1723,27799,4247,42870
Abilene,Texas,31.3,65212.0,60664.0,125876,9367.0,8129.0,2.64,TX,1813,2929,14449,33222,95487
Centreville,Virginia,36.0,34749.0,37033.0,71782,3779.0,27797.0,2.97,VA,355,25058,6724,9613,39129
Pleasanton,California,41.3,36662.0,42857.0,79519,2424.0,23208.0,2.87,CA,608,27662,1919,7949,49934
Westminster,California,42.9,45538.0,46573.0,92111,3435.0,42227.0,3.27,CA,1022,46560,2270,19111,37593
Waterbury,Connecticut,36.2,52235.0,56572.0,108807,3493.0,19967.0,2.71,CT,492,4080,26972,38222,69075
Davie,Florida,40.8,48754.0,52140.0,100894,4655.0,26532.0,2.72,FL,464,4581,11005,35311,79832
Houston,Texas,32.6,1149686.0,1148942.0,2298628,71898.0,696210.0,2.66,TX,13157,173854,529431,1028148,1386389
Concord,California,39.6,62310.0,66358.0,128668,6287.0,37428.0,2.72,CA,1447,17453,6150,41400,92575
Eagan,Minnesota,36.8,31587.0,34701.0,66288,2699.0,8642.0,2.49,MN,684,6923,8032,4328,52612
Duluth,Minnesota,34.7,41271.0,44855.0,86126,5015.0,2258.0,2.25,MN,1894,1721,3891,1981,81720
Carolina,Puerto Rico,42.0,64758.0,77308.0,142066,,,,PR,12143,0,0,139967,0
Ellicott City,Maryland,42.4,34406.0,36526.0,70932,3856.0,17587.0,2.73,MD,396,22551,6089,1602,43537
Port Saint Lucie,Florida,42.1,84069.0,95341.0,179410,12416.0,34003.0,2.91,FL,1536,7967,32986,34240,135049
Greeley,Colorado,31.0,50792.0,50091.0,100883,4294.0,11480.0,2.75,CO,2449,2202,2856,39271,92874
Ames,Iowa,23.0,33814.0,31238.0,65052,2265.0,8606.0,2.16,IA,0,8979,1103,2024,56157
West Jordan,Utah,30.8,57898.0,54044.0,111942,3577.0,11492.0,3.46,UT,1211,3539,3179,21315,100150
Chico,California,29.9,46168.0,44168.0,90336,4519.0,8425.0,2.5,CA,2766,6101,3164,15578,80467
Chino Hills,California,41.9,39639.0,38674.0,78313,3358.0,24764.0,3.05,CA,1773,28132,3506,22539,40030
New Bedford,Massachusetts,38.6,43793.0,51166.0,94959,4185.0,19024.0,2.39,MA,346,1811,8890,18336,63938
San Bernardino,California,28.5,108671.0,107466.0,216137,7741.0,55135.0,3.55,CA,4520,12981,36393,136214,123174
Longmont,Colorado,36.8,43941.0,48280.0,92221,4925.0,10424.0,2.63,CO,1682,2255,1782,24846,85853
Lincoln,Nebraska,32.3,138544.0,138802.0,277346,14694.0,22958.0,2.4,NE,4281,15138,16445,20296,246677
Pasco,Washington,28.6,35298.0,32799.0,68097,2052.0,16265.0,3.45,WA,1054,2215,2265,38883,55741
Cincinnati,Ohio,32.7,143654.0,154883.0,298537,13699.0,16896.0,2.08,OH,3362,7633,133430,9121,162245
New Braunfels,Texas,37.0,33071.0,36852.0,69923,5204.0,5405.0,2.85,TX,648,1610,3471,22522,63789
Union City,New Jersey,35.4,35376.0,33773.0,69149,705.0,40553.0,2.85,NJ,545,4044,4686,53174,50031
Fontana,California,29.5,100644.0,106828.0,207472,4076.0,61448.0,4.15,CA,2656,14281,16986,156134,85044
Milwaukee,Wisconsin,31.6,286315.0,313839.0,600154,20615.0,58321.0,2.51,WI,10813,24832,248149,110335,297038
Racine,Wisconsin,33.7,39314.0,38423.0,77737,4650.0,4403.0,2.56,WI,1371,1175,20014,18215,52445
Santa Maria,California,30.1,53320.0,51762.0,105082,2876.0,39192.0,3.83,CA,1575,5058,1237,81551,90403
Marysville,Washington,33.2,33436.0,33337.0,66773,5714.0,7721.0,2.79,WA,3260,6185,1800,7142,58894
Inglewood,California,34.9,52995.0,58661.0,111656,2703.0,34171.0,3.12,CA,1395,2712,44991,60873,33966
Cedar Rapids,Iowa,36.2,63109.0,67296.0,130405,7823.0,5404.0,2.32,IA,1243,5406,11921,5328,116851
German,Maryland,34.9,41115.0,43007.0,84122,2443.0,27877.0,2.95,MD,1232,15921,22273,18202,43330
Highlands Ranch,Colorado,39.6,49186.0,53281.0,102467,4840.0,8827.0,2.72,CO,1480,5650,1779,8393,94499
Tustin,California,33.4,39511.0,41052.0,80563,2434.0,25034.0,3.27,CA,538,16074,2954,33998,39660
Kent,Washington,33.4,61825.0,65137.0,126962,7985.0,38175.0,3.06,WA,3651,26168,20450,21928,67918
Urban Honolulu,Hawaii,41.4,176807.0,175959.0,352766,23213.0,101312.0,2.69,HI,5592,240978,11781,24586,110508
Richmond,California,35.3,52615.0,57100.0,109715,3611.0,42215.0,2.87,CA,2348,20082,27434,45132,36074
Deltona,Florida,39.9,44853.0,43621.0,88474,5664.0,7098.0,2.89,FL,651,1292,12056,31357,75686
Kissimmee,Florida,36.7,33283.0,35869.0,69152,2449.0,16879.0,3.01,FL,0,2634,6623,44120,51123
Springfield,Massachusetts,31.8,74744.0,79592.0,154336,5723.0,16226.0,2.81,MA,2087,5606,35284,69209,97171
San Mateo,California,39.3,50966.0,52558.0,103524,2730.0,34957.0,2.64,CA,682,30573,2880,23151,62656
Fall River,Massachusetts,39.3,43314.0,45456.0,88770,4143.0,14775.0,2.21,MA,1481,1891,6389,9081,77242
Carmichael,California,41.0,29281.0,33934.0,63215,4225.0,7378.0,2.39,CA,2603,4205,4675,9291,55862
Lauderhill,Florida,35.7,32813.0,38761.0,71574,1965.0,25471.0,3.02,FL,1186,2662,56948,6089,10788
Worcester,Massachusetts,34.9,90951.0,93855.0,184806,9408.0,36907.0,2.43,MA,1917,15932,27491,39000,131898
Providence,Rhode Island,29.9,89090.0,90114.0,179204,4933.0,53532.0,2.72,RI,4171,13432,30638,77968,97885
Fayetteville,Arkansas,27.1,41959.0,40873.0,82832,4744.0,6313.0,2.28,AR,2058,4707,6927,5535,68830
Santa Rosa,California,37.9,86840.0,88149.0,174989,9101.0,33015.0,2.7,CA,8859,13496,7157,54578,138506
Union City,California,38.5,38599.0,35911.0,74510,1440.0,32752.0,3.46,CA,243,44849,5508,13207,16845
Lakeland,Florida,38.1,47840.0,56570.0,104410,7390.0,11592.0,2.56,FL,288,3348,25111,16501,75636
Boulder,Colorado,29.0,56342.0,51000.0,107342,4061.0,12993.0,2.24,CO,767,8772,1615,9795,98243
Richmond,Virginia,33.6,104793.0,115496.0,220289,12538.0,15741.0,2.29,VA,4902,6626,109722,14259,104568
Bayonne,New Jersey,39.7,32705.0,33598.0,66303,2225.0,21899.0,2.62,NJ,0,7171,7581,19525,41431
Santa Barbara,California,37.8,45068.0,46784.0,91852,4518.0,19441.0,2.51,CA,1560,4964,2013,31102,73659
Yuba City,California,34.5,33654.0,33290.0,66944,4706.0,18032.0,2.9,CA,2163,15065,1912,20890,48746
Palo Alto,California,40.2,31451.0,35397.0,66848,2025.0,23348.0,2.55,CA,556,24055,1049,3496,43019
Pueblo,Colorado,37.6,55635.0,53784.0,109419,7989.0,3578.0,2.44,CO,7306,2468,4107,57579,86097
The Villages,Florida,70.5,,,72590,15231.0,4034.0,,FL,0,0,331,1066,72211
Fort Wayne,Indiana,34.7,124815.0,133329.0,258144,13539.0,19146.0,2.45,IN,3577,13596,46319,21234,204114
Santa Ana,California,30.8,167503.0,167920.0,335423,4735.0,152999.0,4.58,CA,4838,37651,5813,262436,163096
Bismarck,North Dakota,38.0,34675.0,35565.0,70240,4145.0,2064.0,2.11,ND,4040,930,1700,1667,64719
Phoenix,Arizona,33.8,786833.0,776168.0,1563001,72388.0,300702.0,2.89,AZ,41748,66403,132939,669914,1161455
Daly City,California,39.7,53817.0,52757.0,106574,3782.0,56640.0,3.26,CA,893,61918,5401,24316,25522
South San Francisco,California,39.4,34177.0,33094.0,67271,1839.0,27528.0,3.33,CA,535,23008,2327,29173,28135
Bloomington,Indiana,23.5,40588.0,43227.0,83815,2368.0,10033.0,2.33,IN,912,9801,5133,3643,71200
Independence,Missouri,38.6,54348.0,62907.0,117255,10220.0,4911.0,2.33,MO,1883,558,10394,12236,98940
Kennewick,Washington,32.0,38492.0,40411.0,78903,5158.0,8376.0,2.78,WA,1101,4252,2887,19395,65228
Flagstaff,Arizona,23.9,33224.0,37093.0,70317,3667.0,4262.0,2.55,AZ,5117,2646,3144,13606,58696
Brandon,Florida,36.1,55679.0,58289.0,113968,9417.0,16390.0,2.64,FL,1921,9440,23475,26224,80811
Kansas City,Kansas,33.4,74606.0,76655.0,151261,8139.0,25507.0,2.71,KS,2749,7301,40177,44342,96113
Waukegan,Illinois,32.3,45514.0,42833.0,88347,3404.0,30997.0,2.92,IL,677,4933,11697,54214,65629
Fort Collins,Colorado,29.6,80893.0,80288.0,161181,8425.0,9704.0,2.45,CO,3271,7913,3176,15521,150568
Jacksonville,North Carolina,24.2,40015.0,27348.0,67363,8252.0,3732.0,2.51,NC,1741,4204,13253,11947,51245
Cary,North Carolina,39.9,78932.0,81582.0,160514,7426.0,30008.0,2.61,NC,1752,25124,15496,10327,119814
Saint Joseph,Missouri,35.7,37688.0,38408.0,76096,5846.0,3755.0,2.58,MO,1018,1271,6964,5400,68293
Melbourne,Florida,43.4,39180.0,40956.0,80136,8363.0,9685.0,2.37,FL,251,5186,11721,6060,65397
Palm Bay,Florida,40.7,51767.0,56128.0,107895,10942.0,12070.0,2.82,FL,1603,1124,20891,16841,84328
Plantation,Florida,40.6,42881.0,49674.0,92555,4037.0,27902.0,2.73,FL,0,3954,19670,26401,66970
Olathe,Kansas,33.0,65046.0,69270.0,134316,6042.0,11913.0,2.97,KS,1872,6288,9518,16131,120282
Sioux Falls,South Dakota,34.6,86596.0,84934.0,171530,8658.0,12934.0,2.38,SD,4623,4689,10904,9388,149298
Portsmouth,Virginia,33.6,45900.0,50301.0,96201,10261.0,1815.0,2.54,VA,1584,1785,52972,3896,43004
Kansas City,Missouri,35.9,228430.0,246931.0,475361,24710.0,37787.0,2.35,MO,5796,17061,147739,46037,296623
Jackson,Tennessee,35.3,30007.0,36973.0,66980,3529.0,2097.0,2.52,TN,564,1171,30103,3383,36037
Spokane,Washington,36.6,102756.0,110511.0,213267,18044.0,13253.0,2.34,WA,7192,9059,10045,13365,193143
Colorado Springs,Colorado,34.8,225544.0,231018.0,456562,49291.0,35320.0,2.48,CO,11146,22619,38976,78711,374900
McKinney,Texas,35.6,77339.0,85548.0,162887,8082.0,25760.0,2.91,TX,1801,13882,16689,31705,129192
Henderson,Nevada,42.5,139412.0,146246.0,285658,25045.0,35666.0,2.55,NV,3036,24931,18816,47154,234301
Norfolk,Virginia,30.2,128917.0,117476.0,246393,29445.0,16702.0,2.51,VA,3259,11854,107893,18760,127741
Arvada,Colorado,41.0,54870.0,60165.0,115035,8930.0,4921.0,2.49,CO,2370,2922,2985,16419,107639
Hollywood,Florida,41.4,75358.0,74363.0,149721,6056.0,55158.0,2.65,FL,1010,4696,34916,53247,107916
Chesapeake,Virginia,36.7,114964.0,120465.0,235429,29772.0,13966.0,2.73,VA,2087,11354,73850,12959,150414
Columbus,Ohio,32.5,413981.0,435086.0,849067,40238.0,101129.0,2.4,OH,11496,48974,256764,46855,549468
Spring Hill,Florida,45.1,48295.0,54902.0,103197,9737.0,7893.0,2.58,FL,1254,2409,7689,15838,91742
Kenosha,Wisconsin,36.3,49349.0,50507.0,99856,6238.0,7443.0,2.55,WI,1264,2537,11915,18772,84780
Kendall,Florida,40.2,36658.0,39808.0,76466,1678.0,31180.0,2.81,FL,0,3650,2937,47521,70266
Redondo Beach,California,43.0,34855.0,33330.0,68185,3014.0,13536.0,2.34,CA,1007,13118,2234,8858,53811
Walnut Creek,California,47.6,31994.0,36912.0,68906,4977.0,13624.0,2.22,CA,0,10831,1705,5212,57064
Mission,Texas,32.9,40530.0,42777.0,83307,2383.0,22608.0,3.51,TX,0,3075,0,73367,77985
McAllen,Texas,32.3,68332.0,71921.0,140253,4356.0,37691.0,3.19,TX,664,5575,3332,113829,107763
Cheektowaga,New York,40.7,37476.0,38599.0,76075,5408.0,3532.0,2.3,NY,0,1584,10562,1994,63541
Oceanside,California,39.4,87482.0,88232.0,175714,18051.0,37492.0,2.72,CA,2452,20882,11907,62100,137533
Orlando,Florida,33.1,130940.0,139977.0,270917,12782.0,50558.0,2.42,FL,2374,11124,68081,89306,179121
Parma,Ohio,40.8,38425.0,41518.0,79943,5028.0,6909.0,2.42,OH,876,974,2928,5361,76282
Harlingen,Texas,30.1,32404.0,33365.0,65769,2761.0,10391.0,3.0,TX,0,2166,0,51727,61844
Pembroke Pines,Florida,40.3,77050.0,89574.0,166624,6849.0,62210.0,2.94,FL,1076,12910,34507,60519,113624
Alhambra,California,41.0,42184.0,43388.0,85572,1673.0,44441.0,2.89,CA,687,44067,1905,31386,20811
Brentwood,New York,34.2,31395.0,32397.0,63792,1492.0,27058.0,4.98,NY,4242,1647,8619,40111,46347
Riverside,California,31.4,160613.0,161810.0,322423,12373.0,69584.0,3.34,CA,5338,27675,26147,160697,225157
Menifee,California,37.1,42866.0,44297.0,87163,6821.0,12481.0,3.06,CA,1639,7108,7773,29790,62331
Kalamazoo,Michigan,26.4,37175.0,38865.0,76040,3048.0,3482.0,2.36,MI,954,2429,19194,4114,56866
Carson,California,40.4,43790.0,49506.0,93296,4273.0,33860.0,3.7,CA,2119,31706,19947,32938,28801
Ann Arbor,Michigan,28.1,58789.0,58281.0,117070,3614.0,20717.0,2.17,MI,1935,18797,9577,5888,90173
Farmington Hills,Michigan,42.1,37527.0,43805.0,81332,3650.0,18033.0,2.41,MI,313,10759,13483,2052,57815
Missouri City,Texas,37.2,34932.0,36846.0,71778,4274.0,18556.0,3.03,TX,0,17854,28070,10007,20590
Orange,California,35.0,67337.0,73658.0,140995,3993.0,34550.0,3.14,CA,658,22457,2853,46255,100083
Everett,Washington,37.0,56212.0,51800.0,108012,7880.0,19499.0,2.36,WA,3645,9807,8304,15889,88395
Citrus Heights,California,37.8,41982.0,45071.0,87053,6171.0,9466.0,2.49,CA,1514,3615,5979,14661,77525
Gainesville,Florida,26.0,60803.0,69330.0,130133,4788.0,15272.0,2.33,FL,740,11963,32912,12208,87612
Milpitas,California,36.8,40098.0,37519.0,77617,1608.0,39436.0,3.32,CA,599,52617,2914,11815,17127
Tampa,Florida,35.3,175517.0,193511.0,369028,20636.0,58795.0,2.47,FL,2915,15814,92156,95154,257552
Santa Monica,California,40.6,46732.0,46487.0,93219,2008.0,24448.0,2.0,CA,2197,13283,9663,14973,70365
Eau Claire,Wisconsin,32.0,32327.0,35106.0,67433,3261.0,2833.0,2.4,WI,876,4202,725,1488,62194
Enterprise,Nevada,34.1,69146.0,66328.0,135474,7526.0,31173.0,2.89,NV,2777,35444,14637,25307,85505
Shawnee,Kansas,40.1,32313.0,32745.0,65058,3575.0,4136.0,2.64,KS,485,3093,7296,4864,55883
North Charleston,South Carolina,30.7,56549.0,55315.0,111864,9651.0,8789.0,2.82,SC,1042,4181,56734,12975,48956
Boynton Beach,Florida,45.8,33701.0,40271.0,73972,4727.0,15431.0,2.45,FL,0,2114,20616,12553,49704
Temple,Texas,33.6,33512.0,38785.0,72297,7333.0,3968.0,2.59,TX,1615,1781,14747,21372,54698
Rockville,Maryland,38.1,31205.0,35793.0,66998,1990.0,25047.0,2.6,MD,594,17370,7533,9197,41692
Cape Coral,Florida,45.0,85626.0,89604.0,175230,14446.0,24185.0,2.85,FL,1040,3314,7311,33016,163396
Manteca,California,35.3,37053.0,38397.0,75450,3936.0,13942.0,3.25,CA,2861,8172,6279,31552,56156
Little Rock,Arkansas,36.6,96997.0,100989.0,197986,12343.0,16640.0,2.36,AR,961,8423,85606,15500,102312
Oxnard,California,31.0,101906.0,105346.0,207252,6367.0,78678.0,4.08,CA,6241,18249,7183,154911,165423
Bk,California,37.0,50405.0,54909.0,105314,4048.0,32435.0,2.52,CA,1639,14636,4729,22089,79582
Evanston,Illinois,36.8,34146.0,41377.0,75523,2058.0,15003.0,2.29,IL,544,8800,11671,9075,54496
Atascocita,Texas,32.8,37424.0,40816.0,78240,4416.0,8657.0,3.03,TX,1024,2441,21491,20441,50630
Surprise,Arizona,39.4,62875.0,65567.0,128442,11109.0,9929.0,2.9,AZ,1883,3153,9079,25366,115419
Dothan,Alabama,38.9,32172.0,35364.0,67536,6334.0,1699.0,2.59,AL,656,1175,23243,1704,43516
Rapid City,South Dakota,39.5,36122.0,37446.0,73568,7429.0,2375.0,2.31,SD,9159,2170,2217,2971,63983
Lee's Summit,Missouri,36.8,48353.0,46715.0,95068,6624.0,3803.0,2.68,MO,1251,3013,7100,4504,82915
Warren,Michigan,43.2,64063.0,71293.0,135356,7806.0,18822.0,2.45,MI,1516,12156,29391,3210,96357
Erie,Pennsylvania,35.3,48618.0,50852.0,99470,7093.0,6275.0,2.31,PA,913,3306,20564,7859,78636
Mountain View,California,33.5,42493.0,37945.0,80438,1376.0,31857.0,2.46,CA,577,23884,1974,16397,51400
West Valley City,Utah,30.7,68235.0,67989.0,136224,4880.0,30712.0,3.81,UT,4851,9550,3222,44080,89145
Hartford,Connecticut,31.0,58042.0,65972.0,124014,3130.0,28467.0,2.59,CT,2451,4105,49939,55959,46529
Fremont,California,38.3,114383.0,117808.0,232191,4629.0,109427.0,3.12,CA,1606,141953,7762,29594,67294
Elgin,Illinois,35.7,54852.0,56224.0,111076,4024.0,30167.0,2.97,IL,789,7606,7528,48221,76126
Greenville,North Carolina,26.2,39897.0,50691.0,90588,4283.0,4183.0,2.4,NC,917,2787,37355,4409,50289
Gastonia,North Carolina,36.9,35527.0,39023.0,74550,3537.0,5715.0,2.67,NC,603,2788,22179,6653,46362
Frisco,Texas,37.2,73989.0,80399.0,154388,6297.0,30913.0,3.05,TX,2947,30341,10821,17093,111477
Oklahoma City,Oklahoma,34.1,309227.0,322036.0,631263,41843.0,80165.0,2.58,OK,41696,33759,111673,117362,462306
Carlsbad,California,42.1,55119.0,58347.0,113466,6031.0,17689.0,2.68,CA,1513,11948,876,12969,98705
Pasadena,California,37.6,67712.0,74534.0,142246,4618.0,40779.0,2.63,CA,2161,22794,15909,52717,76525
Naperville,Illinois,38.5,71365.0,75794.0,147159,4545.0,30399.0,2.76,IL,449,31221,9031,4928,108937
Johnson City,Tennessee,38.2,31019.0,34350.0,65369,5038.0,2878.0,2.18,TN,400,1877,6016,1114,59147
Goodyear,Arizona,38.6,36711.0,42292.0,79003,7650.0,11774.0,2.97,AZ,1301,5701,8678,21603,63493
Wyoming,Michigan,32.8,35967.0,39310.0,75277,3447.0,8612.0,2.65,MI,2444,3227,8839,15325,58989
Reading,Pennsylvania,29.4,43668.0,44205.0,87873,2580.0,17043.0,2.95,PA,9671,903,20821,57032,64401
Rochester Hills,Michigan,41.2,36356.0,37076.0,73432,3053.0,13708.0,2.66,MI,348,8092,3514,3395,62170
Madison,Wisconsin,30.7,122596.0,126360.0,248956,9707.0,30090.0,2.23,WI,2296,23937,20424,19697,204302
Portland,Maine,40.3,31480.0,35392.0,66872,3666.0,9229.0,2.13,ME,662,3696,5750,2031,59722
College Station,Texas,22.9,54125.0,53774.0,107899,2471.0,16145.0,2.52,TX,605,10915,11316,17784,84892
Lewisville,Texas,31.6,52776.0,52032.0,104808,4211.0,24865.0,2.78,TX,1371,12412,16948,31757,70278
Raleigh,North Carolina,32.8,219184.0,232765.0,451949,16747.0,65125.0,2.42,NC,3955,24865,138242,51786,275892
Mount Vernon,New York,38.5,31876.0,36745.0,68621,2064.0,23777.0,2.85,NY,356,1497,49830,9446,13106
Dallas,Texas,32.6,639019.0,661063.0,1300082,41026.0,326825.0,2.59,TX,17510,47099,322570,549966,839169
San Tan Valley,Arizona,31.3,40429.0,42368.0,82797,4300.0,5757.0,3.44,AZ,3941,1378,2027,18733,75429
East Orange,New Jersey,35.5,29995.0,34967.0,64962,1870.0,15164.0,2.85,NJ,535,656,57859,6368,3165
Austin,Texas,32.7,475718.0,456122.0,931840,37414.0,181686.0,2.5,TX,10890,78916,81861,327680,708171
Casas Adobes,Arizona,44.8,30890.0,34375.0,65265,6601.0,7024.0,2.24,AZ,2047,3009,1854,13609,58956
Indianapolis,Indiana,34.1,410615.0,437808.0,848423,42186.0,72456.0,2.53,IN,8656,29307,253932,83426,553665
Renton,Washington,36.3,52779.0,47468.0,100247,5032.0,28962.0,2.57,WA,2338,22550,12265,15392,58251
Odessa,Texas,31.2,61119.0,57861.0,118980,5509.0,15845.0,2.92,TX,1134,2252,7647,63586,106944
Round Rock,Texas,34.9,56646.0,59193.0,115839,6804.0,18237.0,3.13,TX,1551,9685,13636,37151,92278
Santa Fe,New Mexico,44.1,40601.0,43511.0,84112,5083.0,13824.0,2.41,NM,2960,1878,1284,45884,75494
Akron,Ohio,38.1,96886.0,100667.0,197553,12878.0,10024.0,2.24,OH,1845,9033,66551,3684,129192
San Jose,California,36.5,518317.0,508602.0,1026919,27269.0,401493.0,3.13,CA,13776,385198,41721,331232,442798
Saint Paul,Minnesota,31.5,149547.0,151293.0,300840,10548.0,56514.0,2.58,MN,6858,58174,54665,27307,191369
Muncie,Indiana,27.4,32446.0,37255.0,69701,2968.0,1062.0,2.35,IN,203,0,10482,2499,59962
Victorville,California,30.6,60989.0,61247.0,122236,7484.0,21959.0,3.47,CA,5305,7755,26747,60569,86648
Murfreesboro,Tennessee,30.2,60704.0,65417.0,126121,5199.0,8948.0,2.6,TN,1339,7265,22651,8840,97270
Chattanooga,Tennessee,36.6,83640.0,92957.0,176597,10001.0,10599.0,2.4,TN,1092,4602,59918,10918,114140
Fairfield,California,34.7,55550.0,57422.0,112972,8607.0,24503.0,3.14,CA,1016,22428,18274,32976,64106
Toledo,Ohio,36.1,135455.0,144323.0,279778,15286.0,9257.0,2.29,OH,3942,6850,85552,23614,188325
Asheville,North Carolina,37.9,42100.0,46407.0,88507,4973.0,6630.0,2.18,NC,496,1939,9078,4146,77979
Savannah,Georgia,30.3,69389.0,76295.0,145684,9717.0,10355.0,2.57,GA,2116,5366,82307,9734,57690
Fayetteville,North Carolina,30.7,101051.0,100914.0,201965,28089.0,12863.0,2.5,NC,6603,8949,90625,25080,102075
Louisville/Jefferson County metro government,Kentucky,37.5,298451.0,316938.0,615389,39364.0,37875.0,2.45,KY,4585,18601,151256,28712,456451
Yorba Linda,California,45.5,31960.0,36006.0,67966,3171.0,15532.0,3.0,CA,211,17616,1326,10599,49980
Billings,Montana,36.3,52705.0,57565.0,110270,9121.0,3206.0,2.4,MT,6066,1873,2200,7526,102522
Denton,Texas,28.7,62478.0,68569.0,131047,6352.0,18451.0,2.66,TX,1857,7061,15542,29350,106278
Long Beach,California,34.6,238159.0,236013.0,474172,17463.0,127764.0,2.78,CA,12841,68095,64948,207890,277962
Jacksonville,Florida,35.7,419203.0,448828.0,868031,75432.0,85650.0,2.62,FL,8177,50895,282692,80064,543582
Tuscaloosa,Alabama,29.1,47293.0,51045.0,98338,3647.0,4706.0,2.67,AL,261,2733,42331,2475,52603
Elk Grove,California,36.1,80057.0,86833.0,166890,7762.0,38693.0,3.34,CA,2020,59424,20185,28781,86909
Paradise,Nevada,37.2,122784.0,114162.0,236946,14112.0,66712.0,2.65,NV,4314,28380,25091,88347,147624
Sandy Springs,Georgia,35.4,48570.0,56777.0,105347,3015.0,19837.0,2.4,GA,1574,7909,15420,13670,78835
Pearland,Texas,33.9,52336.0,59329.0,111665,5621.0,16882.0,3.0,TX,851,14683,23779,26460,73349
Virginia Beach,Virginia,35.4,222684.0,230061.0,452745,54995.0,38360.0,2.61,VA,4590,38715,99948,36309,324924
Roseville,California,38.4,62591.0,67691.0,130282,8386.0,18161.0,2.72,CA,2635,18171,4413,23499,103853
Homestead,Florida,31.4,31401.0,35099.0,66500,2287.0,24408.0,3.48,FL,0,0,16705,41910,48820
Iowa City,Iowa,25.5,37089.0,37138.0,74227,2047.0,9202.0,2.36,IA,610,5533,7219,4072,59839
Arden-Arcade,California,41.5,47596.0,48680.0,96276,6511.0,13458.0,2.18,CA,2587,7355,13647,15273,69369
Largo,Florida,45.1,38166.0,42841.0,81007,8310.0,10489.0,2.28,FL,881,3249,5860,9561,73502
Carrollton,Texas,36.9,66928.0,66218.0,133146,5720.0,35327.0,2.78,TX,812,18456,10923,46850,102948
Chandler,Arizona,35.6,128885.0,131948.0,260833,15870.0,38721.0,2.78,AZ,6601,33079,16163,57159,207993
Irvine,California,34.6,125411.0,131516.0,256927,5532.0,116366.0,2.73,CA,799,126499,8670,19266,127358
Medford,Oregon,38.6,39606.0,40189.0,79795,6632.0,6185.0,2.65,OR,1239,2135,1201,14294,75464
Coral Springs,Florida,37.2,63316.0,66186.0,129502,4724.0,38552.0,3.17,FL,1262,6573,27225,40817,90896
Bossier City,Louisiana,32.7,33428.0,34669.0,68097,8108.0,2980.0,2.4,LA,630,2175,19520,5589,47454
Woodbury,Minnesota,37.7,31982.0,35868.0,67850,2732.0,9477.0,2.72,MN,0,7758,6054,3258,56216
Boston,Massachusetts,31.8,322149.0,347320.0,669469,18350.0,190123.0,2.38,MA,5580,69976,189347,130656,378543
Pittsburg,California,34.5,33309.0,36118.0,69427,2109.0,21043.0,3.15,CA,2253,13981,14931,28605,25996
San Ramon,California,39.1,39221.0,36911.0,76132,2855.0,29691.0,3.09,CA,609,38970,2734,5449,37057
Reno,Nevada,35.7,122292.0,119151.0,241443,17089.0,37070.0,2.46,NV,3872,20681,9427,59902,197335
Topeka,Kansas,37.1,60879.0,66378.0,127257,9608.0,6711.0,2.32,KS,4804,3127,15030,18640,108035
Newport News,Virginia,32.8,88385.0,94000.0,182385,18896.0,12589.0,2.46,VA,2201,8275,79245,15780,95151
Poinciana,Florida,34.2,38142.0,35801.0,73943,2933.0,14349.0,3.93,FL,1593,1409,24750,37382,45622
Compton,California,30.1,49264.0,49184.0,98448,897.0,30660.0,4.08,CA,298,1732,26395,67523,53919
Cedar Park,Texas,34.4,31248.0,33589.0,64837,3090.0,5207.0,3.05,TX,219,5654,3667,11872,56991
Merced,California,29.7,40048.0,42392.0,82440,3723.0,16348.0,3.15,CA,2331,9911,6464,43684,42475
Shreveport,Louisiana,35.2,93138.0,103856.0,196994,14287.0,5658.0,2.53,LA,1647,4033,112923,5081,79319
Palatine,Illinois,38.0,36506.0,32763.0,69269,2629.0,21760.0,2.69,IL,0,8145,1822,18626,46246
San Angelo,Texas,32.8,49669.0,50744.0,100413,8412.0,7859.0,2.5,TX,548,1658,6079,42494,86655
Passaic,New Jersey,30.4,36505.0,34577.0,71082,693.0,24174.0,3.56,NJ,0,3338,5230,53680,30352
Lake Charles,Louisiana,31.8,35678.0,40388.0,76066,4477.0,3215.0,2.36,LA,592,1444,38358,3157,36346
North Richland Hills,Texas,39.9,35257.0,33948.0,69205,5175.0,7854.0,2.64,TX,1127,5295,5439,10195,58258
Jackson,Mississippi,31.7,79039.0,91772.0,170811,8146.0,1789.0,2.65,MS,323,864,139567,3017,28775
Boise,Idaho,34.9,110099.0,108181.0,218280,16004.0,13409.0,2.61,ID,4046,9806,4413,19480,204913
Carmel,Indiana,39.9,42928.0,46101.0,89029,2723.0,9645.0,2.71,IN,0,11223,2171,3111,77178
Palmdale,California,32.6,76361.0,81989.0,158350,6388.0,41974.0,3.54,CA,2800,10981,27398,87452,73480
Baltimore,Maryland,34.7,294027.0,327822.0,621849,29540.0,49857.0,2.51,MD,7730,20161,396270,29953,207274
Indio,California,35.9,43803.0,43723.0,87526,3647.0,22538.0,3.08,CA,1112,2866,3300,58852,48562
Florence-Graham,California,30.2,34186.0,32173.0,66359,416.0,28696.0,4.57,CA,0,0,5060,60895,30591
Santa Clarita,California,38.1,90192.0,92175.0,182367,8537.0,40666.0,3.02,CA,4441,23168,9223,56944,144949
Buena Park,California,35.7,41593.0,41671.0,83264,3116.0,28430.0,3.55,CA,361,24624,901,32915,48412
San Clemente,California,45.2,34076.0,31456.0,65532,3970.0,8109.0,2.64,CA,0,4296,251,10421,58849
Lawrence,Kansas,27.4,45592.0,48324.0,93916,2986.0,8701.0,2.53,KS,4239,6547,5777,6435,79793
Downey,California,37.3,53006.0,61205.0,114211,2281.0,39977.0,3.45,CA,535,9776,5498,84806,77220
Lafayette,Louisiana,31.7,64018.0,63643.0,127661,5206.0,5396.0,2.54,LA,1183,2776,39862,6556,85282
Newport Beach,California,46.8,43161.0,43970.0,87131,4847.0,15318.0,2.4,CA,423,10017,0,8127,74814
Schenectady,New York,36.7,32398.0,32901.0,65299,3388.0,10961.0,2.82,NY,1059,5140,15640,5957,40278
South Gate,California,32.5,47758.0,48641.0,96399,724.0,40571.0,3.97,CA,618,971,1615,91312,55444
Brownsville,Texas,30.6,87689.0,96199.0,183888,4211.0,53301.0,3.48,TX,1165,1589,1239,170041,174670
Costa Mesa,California,34.8,59097.0,54089.0,113186,4095.0,26645.0,2.59,CA,1961,9165,2925,38239,87320
Tyler,Texas,33.9,50422.0,53283.0,103705,4813.0,8225.0,2.59,TX,1057,2543,26156,21536,72728
Napa,California,37.2,39828.0,40601.0,80429,4678.0,18449.0,2.84,CA,1751,3593,675,33229,57837
Centennial,Colorado,42.4,53222.0,56504.0,109726,7226.0,9501.0,2.66,CO,1219,7041,4005,8086,98174
Sunrise,Florida,37.7,41471.0,51235.0,92706,4108.0,38209.0,2.98,FL,0,3501,33951,29163,54976
Lawrence,Massachusetts,30.8,37464.0,42776.0,80240,1190.0,29170.0,3.17,MA,0,2149,9221,63175,40757
Tucson,Arizona,33.6,264893.0,266781.0,531674,38182.0,82220.0,2.45,AZ,24409,24689,33900,231025,404342
Fullerton,California,34.5,69549.0,71300.0,140849,5394.0,43404.0,2.97,CA,1668,33937,5241,53459,92216
Lake Forest,California,40.3,41515.0,40982.0,82497,3748.0,20784.0,2.76,CA,1482,16690,3526,17410,59846
Stockton,California,32.5,150976.0,154674.0,305650,12822.0,79583.0,3.16,CA,19834,76859,41161,128216,170878
San Antonio,Texas,33.1,721405.0,748419.0,1469824,109089.0,208046.0,2.93,TX,20752,53933,119542,937607,1240092
Orem,Utah,26.1,48695.0,45762.0,94457,2828.0,12808.0,3.26,UT,976,3862,1837,18342,85512
Norman,Oklahoma,30.9,59483.0,60814.0,120297,5578.0,8705.0,2.47,OK,10801,6539,6620,11732,106409
Youngs,Ohio,37.5,30758.0,33851.0,64609,3620.0,1058.0,2.22,OH,875,247,31725,7564,33031
Hayward,California,34.3,78152.0,80148.0,158300,4385.0,60970.0,3.32,CA,2178,46285,20219,64880,74800
Sandy,Utah,34.6,46923.0,46689.0,93612,3451.0,6691.0,3.22,UT,507,5657,522,6832,85130
Moreno Valley,California,30.7,98584.0,105597.0,204181,8529.0,54442.0,3.9,CA,1843,11912,35550,120610,90391
Delray Beach,Florida,47.9,32219.0,34042.0,66261,4232.0,16639.0,2.35,FL,0,1696,21138,6397,40980
Gresham,Oregon,36.7,53866.0,56716.0,110582,6326.0,17860.0,2.67,OR,2084,6641,7721,23576,94904
Federal Way,Washington,36.4,49151.0,46037.0,95188,7135.0,18565.0,2.68,WA,2396,16026,15495,14049,59035
Waterloo,Iowa,37.2,34488.0,33969.0,68457,4800.0,5082.0,2.42,IA,467,1636,11815,4961,51252
Jersey City,New Jersey,34.3,131765.0,132512.0,264277,4374.0,109186.0,2.57,NJ,3356,67610,65051,79718,99300
Mission Viejo,California,44.9,48849.0,48314.0,97163,4713.0,17308.0,2.85,CA,683,13073,2066,18913,81186
Dale City,Virginia,33.4,35984.0,35415.0,71399,6085.0,22306.0,3.65,VA,548,9251,18074,23868,34640
Albuquerque,New Mexico,36.0,273323.0,285808.0,559131,37443.0,58200.0,2.49,NM,32243,25140,26774,271854,411847
Plano,Texas,38.1,138565.0,145054.0,283619,11719.0,74030.0,2.65,TX,3771,59958,25217,42959,195220
Hesperia,California,29.4,43588.0,49698.0,93286,3739.0,16667.0,3.52,CA,1712,2131,4889,53765,78718
Lehigh Acres,Florida,34.3,57856.0,61624.0,119480,5551.0,31880.0,3.55,FL,1675,1853,29998,42092,86328
Norwalk,Connecticut,42.4,40880.0,47603.0,88483,2877.0,22328.0,2.7,CT,552,2954,15129,24682,67844
Pawtucket,Rhode Island,39.2,36072.0,35511.0,71583,3173.0,17884.0,2.41,RI,1359,2150,15513,16117,47614
Town 'n' Country,Florida,38.1,39410.0,39586.0,78996,4534.0,22135.0,2.61,FL,1622,3347,9575,37944,64441
Saint Cloud,Minnesota,30.7,34311.0,33942.0,68253,5012.0,5757.0,2.41,MN,1169,2494,6401,2639,59794
Midland,Texas,32.1,66595.0,66355.0,132950,5753.0,17061.0,2.78,TX,1922,3279,10379,58677,115958
Chicago,Illinois,34.2,1320015.0,1400541.0,2720556,72042.0,573463.0,2.53,IL,23323,195084,873316,785725,1374535
Knoxville,Tennessee,33.1,89978.0,95334.0,185312,10897.0,10285.0,2.21,TN,2304,4717,35049,8640,145055
Westland,Michigan,39.9,37742.0,44253.0,81995,4756.0,6429.0,2.41,MI,429,4843,16422,2827,60576
Columbia,Missouri,26.8,56544.0,62554.0,119098,4548.0,10729.0,2.37,MO,1713,8673,15489,4956,96067
Yuma,Arizona,33.4,48298.0,45847.0,94145,7182.0,19326.0,2.64,AZ,1228,1180,3731,57054,69691
Roanoke,Virginia,36.9,47252.0,52645.0,99897,6567.0,7346.0,2.35,VA,594,3237,30920,6091,68761
Rialto,California,31.6,49902.0,53235.0,103137,2036.0,32741.0,3.83,CA,1065,4103,11800,78571,74551
Pomona,California,32.1,74945.0,78307.0,153252,3251.0,53879.0,3.63,CA,3866,17646,10774,108787,94296
Warner Robins,Georgia,31.4,35093.0,38909.0,74002,6974.0,3210.0,2.5,GA,1309,2723,29307,5378,42306
East Los Angeles,California,32.6,60460.0,59206.0,119666,1101.0,49575.0,3.75,CA,778,1053,508,116211,48980
Simi Valley,California,39.0,63243.0,63523.0,126766,6063.0,23260.0,3.13,CA,2474,14984,2378,34032,107898
Davenport,Iowa,35.2,50123.0,52454.0,102577,7090.0,4065.0,2.39,IA,901,3071,12761,9131,88145
Thornton,Colorado,33.1,65482.0,67977.0,133459,7261.0,17949.0,2.97,CO,2967,7034,4569,49241,119264
Gary,Indiana,38.1,35876.0,41478.0,77354,3952.0,1884.0,2.35,IN,551,537,61416,6266,13498
Palm Coast,Florida,48.8,39489.0,42632.0,82121,7950.0,9084.0,2.76,FL,700,2479,10786,8706,67272
Hialeah,Florida,43.0,111530.0,125552.0,237082,1844.0,170148.0,3.31,FL,0,1149,5687,227508,219991
Clifton,New Jersey,38.5,41932.0,44409.0,86341,2603.0,27979.0,3.11,NJ,2417,5840,8743,33176,51516
Bellflower,California,33.4,38936.0,39498.0,78434,2154.0,24607.0,3.58,CA,783,10764,12839,42472,23336
Broomfield,Colorado,36.8,31755.0,33310.0,65065,3966.0,5316.0,2.53,CO,601,5193,1154,8065,58341
Joliet,Illinois,33.1,70863.0,79162.0,150025,7353.0,22409.0,3.13,IL,523,2813,27883,45291,106160
Portland,Oregon,36.7,313516.0,318671.0,632187,29940.0,86041.0,2.43,OR,15314,64386,45914,61064,524258
San Francisco,California,38.3,439752.0,425064.0,864816,26276.0,297199.0,2.37,CA,8997,324034,53270,132114,442155
Camarillo,California,40.8,31941.0,35682.0,67623,4384.0,9735.0,2.77,CA,742,7198,1219,16186,59702
Skokie,Illinois,43.4,31382.0,33437.0,64819,1066.0,27424.0,2.78,IL,0,20272,4937,6590,40642
Redwood City,California,37.1,42676.0,42624.0,85300,2430.0,27652.0,2.64,CA,664,14873,2758,29011,51019
Evansville,Indiana,38.0,57198.0,60481.0,117679,9063.0,3169.0,2.25,IN,713,1376,17564,3263,100055
Hillsboro,Oregon,35.3,50926.0,51434.0,102360,6625.0,19531.0,2.68,OR,4524,13704,4347,22169,81072
The Woodlands,Texas,38.8,56083.0,63061.0,119144,8351.0,21188.0,2.93,TX,2427,8828,6420,19574,106202
Longview,Texas,36.8,40065.0,41525.0,81590,5512.0,8782.0,2.55,TX,253,1810,19904,17614,60997
Upland,California,39.7,36226.0,40221.0,76447,2898.0,16552.0,2.77,CA,1068,9182,5717,30787,46704
Sunrise Manor,Nevada,32.5,93505.0,99103.0,192608,10663.0,56530.0,3.25,NV,3962,16165,29483,99838,109960
Lubbock,Texas,29.2,122320.0,126731.0,249051,10588.0,14226.0,2.61,TX,7627,7508,23594,90706,206318
Kirkland,Washington,40.8,42159.0,45108.0,87267,5156.0,18570.0,2.3,WA,1155,15277,1041,6720,70491
Garden Grove,California,37.8,86779.0,88605.0,175384,4316.0,80677.0,3.66,CA,1713,71737,1840,66038,66782
Baton Rouge,Louisiana,31.2,111492.0,117104.0,228596,10633.0,12268.0,2.52,LA,1119,7442,122634,7428,96730
Livermore,California,36.7,41522.0,46595.0,88117,3063.0,13959.0,2.91,CA,941,14116,3199,19582,73440
Paterson,New Jersey,34.0,70640.0,77117.0,147757,1694.0,49810.0,3.37,NJ,1083,9653,45858,85555,54885
Conroe,Texas,31.5,34907.0,33685.0,68592,4871.0,13839.0,2.65,TX,707,2302,6713,23863,57480
Edmond,Oklahoma,32.5,45191.0,44899.0,90090,5006.0,5585.0,2.68,OK,8051,5349,4987,6187,78979
Sacramento,California,33.7,237724.0,252991.0,490715,19698.0,112579.0,2.73,CA,10145,105063,77439,150153,268151
Detroit,Michigan,34.8,319265.0,357859.0,677124,29511.0,39861.0,2.6,MI,6007,10804,545988,53980,104260
Ontario,California,31.0,85059.0,86141.0,171200,4816.0,48557.0,3.52,CA,4304,14313,12900,118292,74765
Alameda,California,41.4,37747.0,40867.0,78614,4504.0,18841.0,2.52,CA,1329,27984,7364,8265,44232
Clovis,California,37.8,52392.0,51780.0,104172,6173.0,13409.0,2.76,CA,1876,14249,3434,23744,78029
Gilbert,Arizona,33.2,116711.0,130812.0,247523,10817.0,24531.0,3.2,AZ,5965,19740,9076,39937,211322
Hammond,Indiana,36.0,38923.0,38687.0,77610,4144.0,9224.0,2.61,IN,1509,1540,20442,25320,41705
Saint Louis,Missouri,35.0,153026.0,162659.0,315685,17060.0,21802.0,2.16,MO,2746,12209,151030,12261,155574
Allen,Texas,37.2,51324.0,46814.0,98138,3505.0,19649.0,3.04,TX,227,15790,13140,10615,69840
Athens-Clarke County unified government,Georgia,26.5,57415.0,65148.0,122563,3953.0,12868.0,2.44,GA,593,6635,34583,13159,79931
Scranton,Pennsylvania,38.5,37975.0,39137.0,77112,5059.0,8069.0,2.39,PA,0,4722,6256,11301,66875
Modesto,California,35.2,104852.0,106405.0,211257,9855.0,39613.0,2.97,CA,4388,19417,9869,85141,166618
Perris,California,26.9,41623.0,33336.0,74959,1321.0,23277.0,4.78,CA,0,3341,9393,54398,23882
South Jordan,Utah,33.8,33669.0,32970.0,66639,2595.0,6142.0,3.61,UT,0,2487,0,4672,59046
Visalia,California,32.6,63695.0,66399.0,130094,5547.0,20779.0,3.11,CA,2113,11523,2525,63482,107322
Davis,California,26.3,33493.0,34163.0,67656,2176.0,13997.0,2.69,CA,779,17816,2081,9041,47997
Gaithersburg,Maryland,35.7,32211.0,35234.0,67445,2126.0,28133.0,2.73,MD,672,13169,12482,18721,36639
Columbus,Georgia,33.7,98785.0,101794.0,200579,21747.0,10376.0,2.62,GA,1343,7039,95366,15180,97436
Pasadena,Texas,31.5,78827.0,74959.0,153786,5735.0,38072.0,2.95,TX,1993,1570,6204,105871,140240
Albany,Georgia,33.3,31695.0,39414.0,71109,5409.0,861.0,2.38,GA,445,650,53440,1783,17160
Plymouth,Minnesota,38.4,39035.0,36893.0,75928,4158.0,8830.0,2.46,MN,760,5561,6938,3274,63872
Corona,California,37.1,79749.0,84493.0,164242,7709.0,42131.0,2.97,CA,2268,21044,9437,68592,119403
Concord,North Carolina,35.7,42732.0,44961.0,87693,4621.0,8847.0,2.72,NC,216,3566,19027,11301,60500
Rochester,Minnesota,35.0,54934.0,57282.0,112216,6888.0,17763.0,2.55,MN,1172,9839,9425,6617,93477
Oshkosh,Wisconsin,33.0,32905.0,33652.0,66557,3809.0,2348.0,2.3,WI,237,3182,2778,1972,60210
Baldwin Park,California,35.8,38747.0,38309.0,77056,780.0,34322.0,4.13,CA,316,15505,1560,56282,36890
Oakland,California,35.7,203827.0,215451.0,419278,12159.0,113896.0,2.56,CA,8380,75446,118228,114054,171599
Augusta-Richmond County consolidated government,Georgia,33.7,94662.0,101917.0,196579,19085.0,7915.0,2.67,GA,1667,4429,112271,9068,77940
Salem,Oregon,35.4,80839.0,83704.0,164543,9685.0,19668.0,2.69,OR,7678,6076,3770,39414,148650
Schaumburg,Illinois,36.9,35971.0,39840.0,75811,2019.0,24614.0,2.72,IL,633,21571,2071,12545,43688
Springfield,Missouri,34.1,81057.0,85741.0,166798,12291.0,7765.0,2.12,MO,2777,5725,10026,7100,151686
Lowell,Massachusetts,33.4,54422.0,56298.0,110720,3764.0,33414.0,2.8,MA,868,28944,7310,22095,68838
Glen Burnie,Maryland,36.5,33398.0,36461.0,69859,5298.0,6971.0,2.58,MD,708,3194,17010,9137,49982
Bend,Oregon,37.3,42294.0,44723.0,87017,6199.0,3032.0,2.39,OR,1818,2726,465,8173,83689
Bridgeport,Connecticut,34.1,71509.0,76110.0,147619,4646.0,44475.0,2.86,CT,2527,8546,53770,59036,68007
Broken Arrow,Oklahoma,36.8,52136.0,55459.0,107595,6797.0,6845.0,2.77,OK,11963,4206,7198,9191,94366
New Orleans,Louisiana,35.9,185736.0,203881.0,389617,17388.0,21679.0,2.41,LA,2496,13349,234645,21850,140314
Arlington,Texas,32.6,191060.0,197062.0,388122,17050.0,79271.0,2.89,TX,2918,31804,92955,112078,251155
Bellevue,Washington,37.4,70763.0,69051.0,139814,5382.0,54654.0,2.43,WA,1949,52223,4151,12215,82378
Irving,Texas,32.3,117189.0,119428.0,236617,6207.0,86756.0,2.78,TX,2960,49421,30356,97862,132779
Whittier,California,36.1,44397.0,43039.0,87436,2790.0,17145.0,3.11,CA,680,3503,1262,61249,49388
Bay,Texas,32.9,37977.0,37508.0,75485,3478.0,13192.0,2.59,TX,2167,2819,16782,31672,48797
Loveland,Colorado,37.6,37042.0,38146.0,75188,5667.0,3050.0,2.53,CO,1029,1549,950,13567,71538
Mount Pleasant,South Carolina,42.7,39429.0,41880.0,81309,3981.0,4701.0,2.53,SC,0,1827,3730,2569,75908
Hemet,California,36.8,38622.0,45251.0,83873,5613.0,13330.0,2.97,CA,2288,3697,7650,37448,67817
Arlington,Virginia,34.4,113981.0,115183.0,229164,12719.0,55205.0,2.19,VA,845,28595,22372,35911,171673
Franklin,Tennessee,38.3,34991.0,37644.0,72635,3303.0,6876.0,2.73,TN,0,3911,7749,4916,61459
Rochester,New York,31.4,100135.0,109673.0,209808,7288.0,17735.0,2.36,NY,4856,8748,93072,38004,105636
Sugar Land,Texas,42.1,43889.0,44240.0,88129,4377.0,31169.0,2.95,TX,0,33469,8993,7835,44555
Murrieta,California,35.3,49363.0,60453.0,109816,7242.0,19875.0,3.3,CA,2327,16041,9259,32944,77700
Miami,Florida,40.4,215840.0,225149.0,440989,7233.0,260789.0,2.5,FL,1571,4613,87331,319942,338232
Apple Valley,California,34.3,32873.0,39312.0,72185,5714.0,5801.0,3.03,CA,1446,2281,9124,25928,60767
Macon,Georgia,36.0,71833.0,81626.0,153459,10735.0,4846.0,2.46,GA,682,3588,84569,4897,64117
Cleveland,Ohio,36.0,186436.0,201623.0,388059,19849.0,18830.0,2.24,OH,6140,10102,205395,40603,166958
Tempe,Arizona,28.8,91350.0,84476.0,175826,7058.0,26620.0,2.44,AZ,4636,17338,11293,44404,130346
Albany,New York,32.8,47627.0,50825.0,98452,3643.0,11948.0,2.08,NY,1611,8090,31303,9368,58368
Southfield,Michigan,41.6,31369.0,41808.0,73177,4035.0,4011.0,2.27,MI,983,1345,54200,573,18296
Durham,North Carolina,33.2,121153.0,136445.0,257598,12528.0,38642.0,2.4,NC,3154,15740,108088,36304,127680
Pharr,Texas,26.9,35242.0,41293.0,76535,1376.0,25532.0,3.67,TX,0,0,204,72995,73694
Spokane Valley,Washington,36.0,49933.0,44975.0,94908,7984.0,4199.0,2.39,WA,2473,1336,1192,5110,91125
Grand Rapids,Michigan,32.1,95669.0,99430.0,195099,8972.0,19176.0,2.56,MI,3436,6057,42256,31282,143702
Sunnyvale,California,35.7,79480.0,72280.0,151760,3900.0,71441.0,2.74,CA,1179,69472,4210,25638,71463
Columbia,South Carolina,28.0,67686.0,65707.0,133393,5708.0,6074.0,2.32,SC,1420,3501,56398,7545,73232
Fort Lauderdale,Florida,42.8,93948.0,84639.0,178587,8897.0,47582.0,2.38,FL,1366,3791,62954,28148,109751
Warwick,Rhode Island,42.6,39289.0,42409.0,81698,5799.0,5318.0,2.4,RI,0,2685,1212,4723,76999
Aurora,Colorado,34.2,177899.0,180971.0,358870,25158.0,65816.0,2.82,CO,8277,24673,61894,109396,239803
Bloomington,Minnesota,40.9,43318.0,43118.0,86436,6176.0,10728.0,2.3,MN,1745,4689,5828,8021,71874
Canton,Ohio,33.4,34476.0,37419.0,71895,3404.0,2204.0,2.32,OH,358,0,21353,3597,53571
Lansing,Michigan,31.4,54333.0,59777.0,114110,5327.0,8371.0,2.39,MI,5254,4168,34196,14245,75688
Mayagez,Puerto Rico,38.1,30799.0,35782.0,66581,,,,PR,0,235,0,65521,0
Laguna Niguel,California,45.8,30193.0,35619.0,65812,2648.0,12571.0,2.58,CA,0,8499,881,9203,55919
Pine Hills,Florida,29.2,35344.0,40737.0,76081,2594.0,20735.0,3.3,FL,0,2209,57089,10496,10029
New York,New York,36.0,4081698.0,4468707.0,8550405,156961.0,3212500.0,2.68,NY,90923,1304564,2192248,2485125,3835726
Ponce,Puerto Rico,40.5,56968.0,64615.0,121583,,,,PR,0,0,0,120705,0
Bayamn,Puerto Rico,39.4,80128.0,90131.0,170259,,,,PR,0,0,0,169155,0
Mobile,Alabama,38.0,91275.0,103030.0,194305,11939.0,7234.0,2.4,AL,2816,5518,96397,5229,93755
League City,Texas,35.9,49354.0,48996.0,98350,6484.0,8361.0,2.72,TX,0,8163,4166,14868,86012
Lafayette,Indiana,33.5,34313.0,36857.0,71170,5045.0,5697.0,2.19,IN,0,1167,6752,9151,63157
Guaynabo,Puerto Rico,42.2,33066.0,37426.0,70492,,,,PR,589,0,0,69936,0
Missoula,Montana,34.7,35002.0,36022.0,71024,4733.0,2771.0,2.15,MT,3618,2292,1149,2474,66504
